X,Y,Theta,Wd,We,WdRef,WeRef,PwmD,PwmE
0.00000,0.70000,0.00000,0.00000,0.00000,-0.00000,0.00000,-0.00000,0.00000
0.00000,0.70000,0.00000,0.00000,0.00000,2.96000,2.96000,-0.00000,0.00000
0.00000,0.70000,0.00000,0.00000,0.00000,2.96000,2.96000,44.36000,44.36000
0.00000,0.70000,0.00000,0.00000,0.00000,2.96000,2.96000,44.36000,44.36000
0.00000,0.70000,0.00000,0.00000,0.00000,2.96000,2.96000,62.10000,62.10000
0.00000,0.70000,0.00000,0.03000,0.03000,2.96000,2.96000,62.10000,62.10000
0.00000,0.70000,0.00000,0.00000,0.00000,2.96000,2.96000,79.43000,79.43000
0.00000,0.70000,0.00000,0.00000,0.00000,2.96000,2.96000,79.43000,79.43000
0.00000,0.70000,0.00000,0.06000,0.00000,2.96000,2.96000,97.42000,97.42000
0.00000,0.70000,0.03000,1.76000,0.03000,2.95000,2.96000,97.42000,97.42000
0.01000,0.70000,0.09000,2.93000,0.00000,2.74000,2.91000,85.51000,114.06000
0.01000,0.70000,0.14000,2.90000,0.00000,2.35000,2.70000,85.51000,114.06000
0.01000,0.70000,0.19000,2.68000,0.00000,1.85000,2.42000,61.01000,124.43000
0.01000,0.70000,0.22000,1.73000,0.03000,1.37000,2.28000,61.01000,124.43000
0.02000,0.70000,0.20000,0.78000,1.95000,1.17000,2.23000,62.10000,135.61000
0.02000,0.70000,0.13000,0.45000,4.12000,1.29000,2.26000,62.10000,135.61000
0.03000,0.70000,0.04000,0.14000,4.93000,1.92000,2.45000,89.18000,90.69000
0.03000,0.70000,-0.01000,0.95000,3.96000,2.64000,2.87000,89.18000,90.69000
0.04000,0.70000,-0.02000,2.37000,2.87000,2.95000,2.90000,105.99000,89.95000
0.05000,0.70000,-0.01000,3.34000,2.48000,2.94000,2.84000,105.99000,89.95000
0.05000,0.70000,0.03000,4.01000,2.20000,2.96000,2.95000,82.14000,106.42000
0.06000,0.70000,0.04000,3.46000,2.73000,2.75000,2.91000,82.14000,106.42000
0.07000,0.70000,0.03000,2.76000,3.29000,2.65000,2.88000,73.61000,104.43000
0.07000,0.70000,0.01000,2.15000,3.40000,2.72000,2.90000,73.61000,104.43000
0.08000,0.70000,-0.02000,1.78000,3.40000,2.87000,2.95000,91.71000,96.32000
0.08000,0.70000,-0.04000,2.34000,3.15000,2.94000,2.84000,91.71000,96.32000
0.09000,0.70000,-0.03000,2.93000,2.87000,2.91000,2.74000,93.77000,94.32000
0.10000,0.70000,-0.03000,3.20000,2.76000,2.92000,2.75000,93.77000,94.32000
0.10000,0.70000,-0.01000,3.34000,2.62000,2.93000,2.80000,84.54000,98.64000
0.11000,0.70000,-0.01000,3.06000,2.70000,2.95000,2.89000,84.54000,98.64000
0.12000,0.70000,-0.01000,2.79000,2.81000,2.96000,2.94000,85.35000,101.73000
0.12000,0.70000,-0.01000,2.70000,2.95000,2.96000,2.93000,85.35000,101.73000
0.13000,0.70000,-0.02000,2.70000,3.09000,2.95000,2.90000,90.07000,98.85000
0.14000,0.70000,-0.02000,2.87000,3.06000,2.94000,2.85000,90.07000,98.85000
0.14000,0.70000,-0.02000,3.04000,2.95000,2.94000,2.83000,88.85000,95.76000
0.15000,0.70000,-0.02000,3.01000,2.84000,2.94000,2.84000,88.85000,95.76000
0.16000,0.70000,-0.02000,2.90000,2.73000,2.94000,2.86000,87.27000,98.11000
0.16000,0.70000,-0.01000,2.87000,2.79000,2.95000,2.88000,87.27000,98.11000
0.17000,0.70000,-0.01000,2.81000,2.84000,2.95000,2.89000,89.03000,99.46000
0.17000,0.70000,-0.02000,2.84000,2.90000,2.95000,2.88000,89.03000,99.46000
0.18000,0.70000,-0.02000,2.93000,2.95000,2.95000,2.87000,89.89000,98.21000
0.19000,0.70000,-0.02000,2.93000,2.93000,2.95000,2.87000,89.89000,98.21000
0.19000,0.70000,-0.01000,2.98000,2.87000,2.95000,2.87000,89.26000,97.58000
0.20000,0.70000,-0.01000,2.95000,2.81000,2.95000,2.88000,89.26000,97.58000
0.21000,0.70000,-0.01000,2.95000,2.79000,2.95000,2.90000,89.04000,99.36000
0.21000,0.70000,-0.01000,2.98000,2.84000,2.95000,2.92000,89.04000,99.36000
0.22000,0.70000,-0.00000,3.01000,2.95000,2.96000,2.94000,88.68000,100.01000
0.23000,0.70000,-0.01000,2.98000,3.01000,2.96000,2.94000,88.68000,100.01000
0.23000,0.70000,-0.01000,2.93000,3.07000,2.96000,2.94000,88.52000,98.11000
0.24000,0.70000,-0.01000,2.93000,2.95000,2.95000,2.92000,88.52000,98.11000
0.25000,0.70000,-0.01000,2.93000,2.93000,2.95000,2.92000,89.18000,98.21000
0.25000,0.70000,-0.01000,2.95000,2.93000,2.95000,2.92000,89.18000,98.21000
0.26000,0.70000,-0.01000,2.98000,2.90000,2.95000,2.92000,88.94000,98.47000
0.27000,0.70000,-0.01000,2.95000,2.90000,2.96000,2.93000,88.94000,98.47000
0.27000,0.70000,-0.01000,2.93000,2.93000,2.96000,2.94000,88.96000,99.10000
0.28000,0.70000,-0.00000,2.95000,2.90000,2.96000,2.94000,88.96000,99.10000
0.29000,0.70000,-0.00000,2.93000,2.93000,2.96000,2.94000,88.98000,99.44000
0.29000,0.70000,-0.00000,2.98000,2.90000,2.96000,2.94000,88.98000,99.44000
0.30000,0.70000,-0.00000,2.98000,2.93000,2.96000,2.95000,88.59000,99.86000
0.31000,0.70000,-0.00000,3.04000,2.95000,2.95000,2.96000,88.59000,99.86000
0.31000,0.70000,0.00000,3.04000,3.01000,2.94000,2.96000,87.42000,99.40000
0.32000,0.70000,-0.00000,2.98000,3.07000,2.94000,2.96000,87.42000,99.40000
0.33000,0.70000,-0.00000,2.95000,3.04000,2.95000,2.96000,87.79000,97.75000
0.33000,0.70000,-0.00000,2.95000,3.01000,2.96000,2.95000,87.79000,97.75000
0.34000,0.70000,-0.00000,2.90000,2.93000,2.96000,2.95000,88.11000,97.80000
0.35000,0.70000,-0.00000,2.95000,2.93000,2.96000,2.94000,88.11000,97.80000
0.35000,0.70000,-0.00000,3.01000,2.90000,2.96000,2.95000,88.13000,98.68000
0.36000,0.70000,-0.00000,3.01000,2.93000,2.95000,2.96000,88.13000,98.68000
0.37000,0.70000,0.00000,3.01000,2.98000,2.94000,2.96000,87.13000,98.95000
0.37000,0.70000,-0.00000,2.93000,2.98000,2.94000,2.96000,87.13000,98.95000
0.38000,0.70000,-0.00000,2.93000,2.98000,2.95000,2.96000,88.04000,98.30000
0.39000,0.70000,-0.00000,2.93000,2.95000,2.95000,2.96000,88.04000,98.30000
0.39000,0.70000,-0.00000,2.95000,2.98000,2.96000,2.96000,88.32000,98.58000
0.40000,0.70000,-0.00000,2.98000,3.01000,2.96000,2.95000,88.32000,98.58000
0.41000,0.70000,-0.00000,2.98000,3.01000,2.96000,2.95000,87.67000,97.68000
0.41000,0.70000,-0.00000,2.98000,3.01000,2.96000,2.95000,87.67000,97.68000
0.42000,0.70000,-0.00000,2.93000,2.95000,2.96000,2.94000,87.52000,97.23000
0.43000,0.70000,-0.01000,2.90000,2.95000,2.96000,2.94000,87.52000,97.23000
0.43000,0.70000,-0.01000,2.90000,2.93000,2.96000,2.93000,88.60000,97.51000
0.44000,0.70000,-0.01000,2.95000,2.95000,2.95000,2.93000,88.60000,97.51000
0.45000,0.70000,-0.01000,3.01000,2.95000,2.95000,2.93000,88.11000,97.33000
0.45000,0.70000,-0.00000,3.01000,2.98000,2.96000,2.94000,88.11000,97.33000
0.46000,0.70000,-0.00000,2.98000,2.93000,2.96000,2.94000,87.30000,96.92000
0.47000,0.70000,-0.00000,2.98000,2.90000,2.96000,2.95000,87.30000,96.92000
0.47000,0.70000,0.00000,2.93000,2.79000,2.96000,2.96000,87.42000,98.16000
0.48000,0.70000,0.00000,2.90000,2.79000,2.94000,2.96000,87.42000,98.16000
0.49000,0.70000,0.00000,2.93000,2.87000,2.93000,2.95000,88.09000,100.16000
0.49000,0.70000,0.00000,3.01000,2.98000,2.92000,2.95000,88.09000,100.16000
0.50000,0.70000,0.00000,3.09000,3.06000,2.92000,2.95000,86.44000,98.24000
0.51000,0.70000,0.00000,2.98000,3.06000,2.91000,2.95000,86.44000,98.24000
0.51000,0.70000,0.00000,2.93000,3.01000,2.92000,2.95000,86.39000,96.83000
0.52000,0.70000,0.00000,2.93000,2.87000,2.93000,2.96000,86.39000,96.83000
0.53000,0.70000,0.00000,2.87000,2.84000,2.93000,2.95000,86.91000,99.09000
0.53000,0.70000,0.00000,2.81000,2.90000,2.92000,2.95000,86.91000,99.09000
0.54000,0.70000,-0.00000,2.87000,2.98000,2.93000,2.96000,88.68000,99.19000
0.55000,0.70000,-0.00000,2.95000,3.01000,2.94000,2.96000,88.68000,99.19000
0.55000,0.70000,-0.00000,2.98000,3.04000,2.95000,2.96000,87.59000,97.90000
0.56000,0.70000,-0.00000,3.01000,2.95000,2.96000,2.96000,87.59000,97.90000
0.57000,0.70000,0.00000,2.98000,2.84000,2.95000,2.96000,86.75000,98.42000
0.57000,0.70000,0.00000,2.90000,2.79000,2.93000,2.96000,86.75000,98.42000
0.58000,0.70000,0.00000,2.87000,2.87000,2.92000,2.95000,87.60000,100.90000
0.58000,0.70000,0.00000,2.90000,2.98000,2.92000,2.95000,87.60000,100.90000
0.59000,0.70000,-0.00000,2.93000,3.04000,2.93000,2.95000,87.88000,99.01000
0.60000,0.70000,-0.00000,2.90000,3.09000,2.94000,2.96000,87.88000,99.01000
0.60000,0.70000,-0.01000,2.93000,3.06000,2.96000,2.95000,88.48000,97.08000
0.61000,0.70000,-0.01000,2.95000,2.95000,2.96000,2.93000,88.48000,97.08000
0.62000,0.70000,-0.00000,3.01000,2.90000,2.96000,2.93000,87.97000,98.04000
0.62000,0.70000,-0.00000,2.98000,2.95000,2.96000,2.94000,87.97000,98.04000
0.63000,0.70000,-0.00000,2.98000,2.98000,2.96000,2.95000,87.59000,98.16000
0.64000,0.70000,-0.00000,2.95000,2.98000,2.96000,2.95000,87.59000,98.16000
0.64000,0.70000,-0.01000,2.95000,3.04000,2.96000,2.94000,87.85000,97.65000
0.65000,0.70000,-0.01000,2.93000,2.95000,2.96000,2.93000,87.85000,97.65000
0.66000,0.70000,-0.01000,2.95000,2.87000,2.95000,2.93000,88.26000,97.62000
0.66000,0.70000,-0.00000,2.98000,2.84000,2.96000,2.94000,88.26000,97.62000
0.67000,0.70000,0.00000,3.01000,2.84000,2.96000,2.96000,87.64000,99.55000
0.68000,0.70000,0.00000,3.01000,2.95000,2.94000,2.96000,87.64000,99.55000
0.68000,0.70000,0.00000,3.04000,3.04000,2.93000,2.96000,86.70000,98.55000
0.69000,0.70000,-0.00000,2.95000,3.06000,2.93000,2.96000,86.70000,98.55000
0.70000,0.70000,-0.00000,2.95000,3.04000,2.94000,2.96000,87.26000,96.91000
0.70000,0.70000,-0.00000,2.98000,2.93000,2.95000,2.96000,87.26000,96.91000
0.71000,0.70000,0.00000,2.98000,2.84000,2.95000,2.96000,86.82000,98.35000
0.72000,0.70000,0.00000,2.95000,2.95000,2.93000,2.95000,86.82000,98.35000
0.72000,0.70000,-0.00000,2.90000,2.98000,2.93000,2.95000,86.77000,98.10000
0.73000,0.70000,-0.00000,2.90000,2.98000,2.94000,2.96000,86.77000,98.10000
0.74000,0.70000,-0.00000,2.90000,2.98000,2.95000,2.96000,87.75000,97.71000
0.74000,0.70000,-0.00000,2.95000,2.93000,2.96000,2.96000,87.75000,97.71000
0.75000,0.70000,-0.00000,2.98000,2.84000,2.95000,2.96000,87.31000,98.41000
0.76000,0.70000,0.00000,2.98000,2.81000,2.94000,2.96000,87.31000,98.41000
0.76000,0.70000,0.00000,2.95000,2.87000,2.92000,2.95000,86.33000,100.21000
0.77000,0.70000,0.01000,2.95000,2.93000,2.91000,2.95000,86.33000,100.21000
0.78000,0.70000,0.00000,2.93000,3.01000,2.90000,2.95000,86.11000,99.34000
0.78000,0.70000,0.00000,2.87000,3.01000,2.91000,2.95000,86.11000,99.34000
0.79000,0.70000,-0.00000,2.87000,3.01000,2.92000,2.95000,87.41000,98.29000
0.80000,0.70000,-0.00000,2.90000,2.93000,2.94000,2.96000,87.41000,98.29000
0.80000,0.70000,-0.00000,2.93000,2.93000,2.94000,2.96000,87.61000,99.24000
0.81000,0.70000,-0.00000,2.93000,2.93000,2.94000,2.96000,87.61000,99.24000
0.82000,0.70000,-0.00000,2.95000,2.95000,2.94000,2.96000,87.45000,99.43000
0.82000,0.70000,-0.00000,2.95000,2.90000,2.94000,2.96000,87.45000,99.43000
0.83000,0.70000,-0.00000,2.93000,2.95000,2.93000,2.96000,87.01000,100.02000
0.84000,0.70000,-0.00000,2.93000,2.95000,2.94000,2.96000,87.01000,100.02000
0.84000,0.70000,-0.00000,2.98000,2.95000,2.94000,2.96000,87.40000,99.54000
0.85000,0.70000,-0.00000,2.90000,2.95000,2.94000,2.96000,87.40000,99.54000
0.86000,0.70000,-0.00000,2.90000,2.90000,2.94000,2.96000,87.93000,99.55000
0.86000,0.70000,-0.00000,2.93000,2.90000,2.94000,2.96000,87.93000,99.55000
0.87000,0.70000,-0.00000,2.95000,2.93000,2.94000,2.96000,87.70000,100.40000
0.88000,0.70000,-0.00000,2.95000,2.95000,2.93000,2.96000,87.70000,100.40000
0.88000,0.70000,-0.00000,2.95000,3.01000,2.93000,2.96000,87.25000,99.90000
0.89000,0.70000,-0.00000,2.98000,2.95000,2.94000,2.96000,87.25000,99.90000
0.90000,0.70000,-0.00000,2.98000,2.95000,2.93000,2.96000,86.72000,99.92000
0.90000,0.70000,-0.00000,2.93000,2.98000,2.93000,2.95000,86.72000,99.92000
0.91000,0.70000,-0.00000,2.90000,2.98000,2.93000,2.96000,87.24000,99.50000
0.92000,0.70000,-0.01000,2.93000,2.98000,2.94000,2.96000,87.24000,99.50000
0.92000,0.70000,-0.01000,2.93000,2.95000,2.94000,2.96000,87.49000,99.37000
0.93000,0.70000,-0.01000,2.95000,2.93000,2.95000,2.96000,87.49000,99.37000
0.94000,0.70000,-0.00000,2.98000,2.84000,2.94000,2.96000,87.14000,100.04000
0.94000,0.70000,-0.00000,2.95000,2.93000,2.92000,2.95000,87.14000,100.04000
0.95000,0.70000,-0.00000,2.95000,2.95000,2.92000,2.95000,86.69000,100.19000
0.96000,0.70000,-0.00000,2.93000,2.93000,2.91000,2.95000,86.69000,100.19000
0.96000,0.70000,-0.00000,2.93000,2.95000,2.90000,2.95000,86.71000,100.34000
0.97000,0.70000,-0.01000,2.84000,2.98000,0.48000,-0.48000,86.71000,100.34000
0.97000,0.70000,-0.01000,2.84000,2.95000,0.43000,-0.53000,50.75000,47.47000
0.98000,0.70000,-0.00000,1.42000,1.12000,-1.02000,-2.01000,50.75000,47.47000
0.98000,0.70000,-0.00000,0.06000,0.00000,-1.10000,-2.09000,34.64000,31.03000
0.98000,0.70000,-0.00000,0.00000,0.00000,-1.10000,-2.09000,34.64000,31.03000
0.98000,0.70000,-0.00000,0.00000,0.00000,-1.10000,-2.09000,40.85000,28.55000
0.98000,0.70000,-0.00000,0.00000,0.00000,-1.10000,-2.09000,40.85000,28.55000
0.98000,0.70000,-0.00000,0.00000,0.00000,-1.10000,-2.09000,34.26000,16.03000
0.98000,0.70000,-0.00000,0.00000,0.00000,-1.10000,-2.09000,34.26000,16.03000
0.98000,0.70000,-0.00000,0.00000,0.00000,-1.10000,-2.09000,27.67000,3.51000
0.98000,0.70000,-0.00000,0.00000,0.00000,-1.10000,-2.09000,27.67000,3.51000
0.98000,0.70000,-0.00000,0.00000,0.00000,-1.10000,-2.09000,21.08000,-9.00000
0.98000,0.70000,-0.00000,0.00000,0.00000,-1.10000,-2.09000,21.08000,-9.00000
0.98000,0.70000,-0.00000,0.00000,0.00000,-1.10000,-2.09000,14.50000,-21.52000
0.98000,0.70000,-0.00000,0.00000,0.00000,-1.10000,-2.09000,14.50000,-21.52000
0.98000,0.70000,-0.00000,0.00000,0.00000,-1.10000,-2.09000,7.91000,-34.03000
0.98000,0.70000,-0.00000,0.00000,0.00000,-1.10000,-2.09000,7.91000,-34.03000
0.98000,0.70000,-0.00000,0.00000,0.00000,-1.10000,-2.09000,1.32000,-46.55000
0.98000,0.70000,-0.00000,0.00000,-0.03000,-1.10000,-2.09000,1.32000,-46.55000
0.98000,0.70000,-0.00000,0.00000,0.00000,-1.10000,-2.09000,-5.27000,-58.65000
0.98000,0.70000,0.00000,0.00000,-0.17000,-1.10000,-2.09000,-5.27000,-58.65000
0.98000,0.70000,0.00000,0.00000,0.00000,-1.10000,-2.09000,-11.86000,-68.91000
0.98000,0.70000,0.00000,0.00000,0.00000,-1.10000,-2.09000,-11.86000,-68.91000
0.98000,0.70000,0.00000,0.00000,0.00000,-1.10000,-2.09000,-18.45000,-82.94000
0.98000,0.70000,0.00000,0.00000,0.00000,-1.10000,-2.09000,-18.45000,-82.94000
0.98000,0.70000,0.00000,0.00000,0.00000,-1.10000,-2.09000,-25.05000,-95.46000
0.98000,0.70000,0.00000,0.00000,0.00000,-1.10000,-2.09000,-25.05000,-95.46000
0.98000,0.70000,0.00000,0.00000,0.00000,-1.10000,-2.09000,-31.64000,-107.98000
0.98000,0.70000,0.00000,0.00000,0.00000,-1.10000,-2.09000,-31.64000,-107.98000
0.98000,0.70000,0.00000,-0.03000,0.00000,-1.10000,-2.09000,-38.23000,-120.50000
0.98000,0.70000,0.00000,0.00000,0.00000,-1.10000,-2.09000,-38.23000,-120.50000
0.98000,0.70000,0.00000,0.00000,0.00000,-1.10000,-2.09000,-44.82000,-133.02000
0.98000,0.70000,0.00000,-0.03000,-0.03000,-1.10000,-2.09000,-44.82000,-133.02000
0.98000,0.70000,0.01000,0.00000,-0.53000,-1.10000,-2.09000,-50.99000,-145.12000
0.97000,0.70000,0.08000,-0.03000,-3.73000,-1.10000,-2.09000,-50.99000,-145.12000
0.97000,0.70000,0.17000,-0.11000,-5.24000,-1.10000,-2.09000,-57.43000,-101.89000
0.96000,0.70000,0.26000,0.00000,-4.60000,-1.10000,-2.09000,-57.43000,-101.89000
0.96000,0.70000,0.32000,0.00000,-3.71000,-1.10000,-2.09000,-64.28000,-79.04000
0.95000,0.70000,0.37000,0.00000,-2.65000,-1.10000,-2.09000,-64.28000,-79.04000
0.95000,0.70000,0.40000,0.00000,-1.73000,-1.10000,-2.09000,-70.88000,-93.22000
0.95000,0.70000,0.43000,0.00000,-1.81000,-1.10000,-2.09000,-70.88000,-93.22000
0.95000,0.69000,0.47000,0.00000,-2.18000,-1.10000,-2.09000,-77.48000,-102.41000
0.95000,0.69000,0.52000,0.00000,-2.68000,-1.10000,-2.09000,-77.48000,-102.41000
0.94000,0.69000,0.58000,0.00000,-3.04000,-1.10000,-2.09000,-84.07000,-91.10000
0.94000,0.69000,0.63000,0.00000,-2.79000,-1.09000,-2.07000,-84.07000,-91.10000
0.94000,0.69000,0.67000,0.00000,-2.51000,-1.06000,-2.05000,-90.12000,-85.34000
0.94000,0.69000,0.71000,0.00000,-2.20000,-1.07000,-2.06000,-90.12000,-85.34000
0.93000,0.69000,0.75000,0.00000,-1.95000,-1.07000,-2.06000,-96.55000,-89.77000
0.93000,0.68000,0.78000,-0.03000,-1.95000,-1.07000,-2.07000,-96.55000,-89.77000
0.93000,0.68000,0.81000,-0.39000,-2.04000,-1.06000,-2.07000,-102.44000,-92.90000
0.93000,0.68000,0.81000,-2.42000,-2.20000,-1.05000,-2.08000,-102.44000,-92.90000
0.92000,0.67000,0.79000,-3.48000,-2.29000,-1.06000,-2.07000,-72.68000,-89.87000
0.92000,0.67000,0.78000,-2.79000,-2.23000,-1.06000,-2.05000,-72.68000,-89.87000
0.92000,0.67000,0.78000,-1.90000,-2.12000,-1.07000,-2.06000,-59.21000,-88.47000
0.91000,0.66000,0.80000,-0.95000,-2.01000,-1.06000,-2.05000,-59.21000,-88.47000
0.91000,0.66000,0.83000,-0.08000,-1.98000,-1.06000,-2.05000,-76.33000,-90.60000
0.91000,0.66000,0.86000,-0.86000,-2.03000,-1.07000,-2.06000,-76.33000,-90.60000
0.91000,0.66000,0.87000,-1.37000,-2.01000,-1.08000,-2.06000,-78.51000,-90.68000
0.90000,0.65000,0.87000,-1.59000,-1.95000,-1.07000,-2.06000,-78.51000,-90.68000
0.90000,0.65000,0.88000,-1.76000,-1.92000,-1.06000,-2.05000,-68.66000,-91.86000
0.90000,0.65000,0.89000,-1.39000,-2.03000,-1.07000,-2.05000,-68.66000,-91.86000
0.90000,0.64000,0.91000,-0.98000,-2.09000,-1.08000,-2.06000,-68.66000,-91.44000
0.90000,0.64000,0.93000,-0.84000,-2.15000,-1.08000,-2.07000,-68.66000,-91.44000
0.89000,0.64000,0.96000,-0.72000,-2.15000,-1.09000,-2.08000,-75.28000,-90.10000
0.89000,0.64000,0.98000,-1.06000,-2.17000,-1.09000,-2.08000,-75.28000,-90.10000
0.89000,0.63000,0.99000,-1.31000,-2.09000,-1.10000,-2.09000,-73.63000,-89.45000
0.89000,0.63000,1.01000,-1.25000,-2.04000,-1.10000,-2.09000,-73.63000,-89.45000
0.89000,0.63000,1.02000,-1.17000,-2.01000,-1.10000,-2.09000,-70.95000,-91.02000
0.88000,0.62000,1.04000,-1.06000,-2.04000,-2.78000,-2.43000,-70.95000,-91.02000
0.88000,0.62000,1.06000,-1.00000,-2.09000,-2.67000,-2.28000,-96.49000,-94.24000
0.88000,0.62000,1.06000,-2.01000,-2.23000,-2.55000,-2.10000,-96.49000,-94.24000
0.88000,0.61000,1.05000,-2.90000,-2.31000,-2.51000,-2.03000,-89.50000,-88.97000
0.87000,0.61000,1.04000,-2.98000,-2.17000,-2.54000,-2.09000,-89.50000,-88.97000
0.87000,0.60000,1.02000,-2.79000,-1.98000,-2.60000,-2.18000,-79.30000,-90.95000
0.87000,0.60000,1.02000,-2.40000,-2.01000,-2.67000,-2.28000,-79.30000,-90.95000
0.87000,0.59000,1.02000,-2.01000,-2.01000,-2.69000,-2.31000,-87.09000,-95.37000
0.86000,0.59000,1.02000,-2.20000,-2.20000,-2.67000,-2.29000,-87.09000,-95.37000
0.86000,0.59000,1.01000,-2.45000,-2.37000,-2.65000,-2.26000,-91.26000,-93.54000
0.86000,0.58000,1.01000,-2.65000,-2.37000,-2.64000,-2.24000,-91.26000,-93.54000
0.85000,0.58000,1.00000,-2.87000,-2.37000,-2.65000,-2.25000,-87.17000,-91.21000
0.85000,0.57000,0.99000,-2.73000,-2.29000,-2.67000,-2.29000,-87.17000,-91.21000
0.85000,0.57000,0.99000,-2.62000,-2.29000,-2.69000,-2.31000,-86.62000,-92.74000
0.85000,0.56000,0.98000,-2.56000,-2.26000,-2.70000,-2.33000,-86.62000,-92.74000
0.84000,0.56000,0.98000,-2.48000,-2.31000,-2.71000,-2.34000,-89.16000,-93.68000
0.84000,0.55000,0.97000,-2.62000,-2.40000,-2.70000,-2.33000,-89.16000,-93.68000
0.84000,0.55000,0.97000,-2.76000,-2.42000,-2.70000,-2.32000,-89.00000,-91.80000
0.83000,0.54000,0.96000,-2.81000,-2.37000,-2.70000,-2.32000,-89.00000,-91.80000
0.83000,0.54000,0.95000,-2.84000,-2.29000,-2.71000,-2.34000,-86.77000,-92.06000
0.83000,0.53000,0.94000,-2.76000,-2.31000,-2.73000,-2.37000,-86.77000,-92.06000
0.82000,0.53000,0.93000,-2.70000,-2.34000,-2.74000,-2.38000,-87.48000,-93.37000
0.82000,0.53000,0.93000,-2.76000,-2.37000,-2.74000,-2.38000,-87.48000,-93.37000
0.82000,0.52000,0.92000,-2.76000,-2.34000,-2.74000,-2.38000,-87.37000,-92.94000
0.81000,0.52000,0.91000,-2.76000,-2.34000,-2.74000,-2.38000,-87.37000,-92.94000
0.81000,0.51000,0.90000,-2.76000,-2.23000,-2.73000,-2.37000,-87.14000,-93.25000
0.81000,0.51000,0.89000,-2.76000,-2.26000,-2.73000,-2.37000,-87.14000,-93.25000
0.80000,0.50000,0.89000,-2.70000,-2.26000,-2.32000,-1.53000,-80.78000,-82.12000
0.80000,0.50000,0.88000,-2.48000,-1.92000,-2.33000,-1.56000,-80.78000,-82.12000
0.80000,0.50000,0.86000,-2.23000,-1.59000,-2.34000,-1.61000,-82.66000,-84.02000
0.79000,0.49000,0.85000,-2.15000,-1.53000,-2.37000,-1.69000,-82.66000,-84.02000
0.79000,0.49000,0.84000,-2.17000,-1.53000,-2.39000,-1.77000,-87.62000,-90.36000
0.79000,0.49000,0.83000,-2.34000,-1.73000,-2.43000,-1.85000,-87.62000,-90.36000
0.78000,0.48000,0.82000,-2.59000,-1.90000,-2.46000,-1.93000,-87.16000,-91.24000
0.78000,0.48000,0.81000,-2.62000,-2.09000,-2.50000,-2.01000,-87.16000,-91.24000
0.78000,0.47000,0.80000,-2.59000,-2.09000,-2.53000,-2.06000,-84.72000,-89.05000
0.77000,0.47000,0.79000,-2.48000,-2.06000,-2.55000,-2.11000,-84.72000,-89.05000
0.77000,0.47000,0.78000,-2.34000,-1.98000,-2.57000,-2.14000,-86.96000,-90.47000
0.77000,0.46000,0.78000,-2.40000,-1.95000,-2.59000,-2.16000,-86.96000,-90.47000
0.76000,0.46000,0.77000,-2.48000,-2.01000,-2.61000,-2.20000,-89.35000,-93.49000
0.76000,0.46000,0.76000,-2.67000,-2.17000,-2.64000,-2.24000,-89.35000,-93.49000
0.75000,0.45000,0.75000,-2.73000,-2.31000,-2.66000,-2.27000,-87.25000,-92.77000
0.75000,0.45000,0.74000,-2.70000,-2.34000,-2.68000,-2.30000,-87.25000,-92.77000
0.75000,0.45000,0.74000,-2.62000,-2.29000,-2.69000,-2.31000,-87.17000,-91.41000
0.74000,0.44000,0.73000,-2.62000,-2.26000,-2.70000,-2.32000,-87.17000,-91.41000
0.74000,0.44000,0.72000,-2.62000,-2.20000,-2.71000,-2.33000,-88.58000,-92.80000
0.73000,0.43000,0.72000,-2.68000,-2.17000,-2.72000,-2.35000,-88.58000,-92.80000
0.73000,0.43000,0.71000,-2.73000,-2.17000,-2.74000,-2.38000,-88.78000,-95.20000
0.73000,0.43000,0.70000,-2.73000,-2.31000,-2.77000,-2.41000,-88.78000,-95.20000
0.72000,0.42000,0.69000,-2.79000,-2.42000,-2.77000,-2.42000,-88.85000,-95.02000
0.72000,0.42000,0.69000,-2.79000,-2.51000,-2.78000,-2.43000,-88.85000,-95.02000
0.71000,0.42000,0.68000,-2.84000,-2.51000,-2.76000,-2.41000,-88.13000,-92.56000
0.71000,0.41000,0.67000,-2.84000,-2.42000,-2.75000,-2.40000,-88.13000,-92.56000
0.70000,0.41000,0.66000,-2.87000,-2.31000,-2.74000,-2.38000,-86.86000,-92.84000
0.70000,0.40000,0.65000,-2.81000,-2.29000,-2.97000,-2.69000,-86.86000,-92.84000
0.69000,0.40000,0.64000,-2.79000,-2.26000,-3.00000,-2.74000,-90.50000,-100.06000
0.69000,0.40000,0.64000,-2.90000,-2.54000,-3.02000,-2.79000,-90.50000,-100.06000
0.68000,0.39000,0.63000,-3.04000,-2.79000,-3.04000,-2.82000,-90.98000,-100.25000
0.68000,0.39000,0.63000,-2.98000,-2.93000,-3.05000,-2.84000,-90.98000,-100.25000
0.67000,0.39000,0.63000,-3.06000,-2.95000,-3.05000,-2.85000,-90.75000,-96.52000
0.67000,0.38000,0.63000,-3.04000,-2.81000,-2.86000,-3.06000,-90.75000,-96.52000
0.66000,0.38000,0.62000,-3.04000,-2.67000,-2.84000,-3.05000,-87.13000,-100.70000
0.66000,0.37000,0.62000,-2.84000,-2.73000,-2.80000,-3.03000,-87.13000,-100.70000
0.65000,0.37000,0.62000,-2.79000,-2.79000,-2.79000,-3.02000,-88.12000,-102.99000
0.65000,0.37000,0.62000,-2.73000,-2.92000,-2.78000,-3.02000,-88.12000,-102.99000
0.64000,0.36000,0.63000,-2.76000,-3.04000,-2.80000,-3.03000,-89.64000,-101.91000
0.64000,0.36000,0.63000,-2.73000,-3.01000,-2.82000,-3.04000,-89.64000,-101.91000
0.63000,0.36000,0.63000,-2.84000,-3.01000,-2.85000,-3.05000,-90.76000,-101.61000
0.63000,0.35000,0.64000,-2.87000,-2.98000,-3.05000,-2.86000,-90.76000,-101.61000
0.62000,0.35000,0.64000,-2.93000,-2.98000,-3.05000,-2.85000,-92.42000,-99.20000
0.62000,0.34000,0.63000,-3.04000,-2.90000,-3.05000,-2.84000,-92.42000,-99.20000
0.61000,0.34000,0.63000,-3.12000,-2.84000,-3.05000,-2.85000,-91.03000,-99.72000
0.60000,0.34000,0.63000,-3.07000,-2.87000,-2.84000,-3.05000,-91.03000,-99.72000
0.60000,0.33000,0.62000,-3.09000,-2.84000,-2.82000,-3.04000,-87.24000,-102.68000
0.59000,0.33000,0.62000,-2.90000,-2.93000,-2.79000,-3.02000,-87.24000,-102.68000
0.59000,0.32000,0.63000,-2.76000,-3.01000,-2.79000,-3.02000,-87.75000,-102.60000
0.58000,0.32000,0.63000,-2.67000,-3.04000,-3.00000,-2.75000,-87.75000,-102.60000
0.58000,0.32000,0.64000,-2.70000,-2.98000,-2.98000,-2.71000,-93.29000,-96.77000
0.57000,0.31000,0.64000,-2.93000,-2.81000,-2.95000,-2.67000,-93.29000,-96.77000
0.57000,0.31000,0.63000,-3.15000,-2.70000,-2.96000,-2.67000,-91.04000,-97.65000
0.56000,0.31000,0.62000,-3.18000,-2.62000,-2.98000,-2.71000,-91.04000,-97.65000
0.56000,0.30000,0.61000,-3.18000,-2.65000,-3.01000,-2.76000,-88.24000,-101.03000
0.55000,0.30000,0.60000,-3.06000,-2.81000,-3.03000,-2.81000,-88.24000,-101.03000
0.55000,0.29000,0.60000,-2.98000,-2.95000,-3.04000,-2.83000,-89.42000,-99.98000
0.54000,0.29000,0.60000,-2.95000,-2.90000,-3.04000,-2.83000,-89.42000,-99.98000
0.54000,0.29000,0.60000,-2.98000,-2.81000,-3.04000,-2.83000,-90.99000,-98.87000
0.53000,0.28000,0.59000,-3.01000,-2.81000,-3.05000,-2.85000,-90.99000,-98.87000
0.53000,0.28000,0.59000,-3.07000,-2.76000,-2.85000,-3.05000,-87.83000,-103.05000
0.52000,0.28000,0.59000,-2.95000,-2.90000,-2.82000,-3.04000,-87.83000,-103.05000
0.51000,0.27000,0.59000,-2.84000,-3.06000,-2.82000,-3.04000,-87.18000,-102.99000
0.51000,0.27000,0.60000,-2.81000,-3.07000,-2.83000,-3.05000,-87.18000,-102.99000
0.50000,0.27000,0.60000,-2.70000,-3.04000,-2.86000,-3.05000,-89.03000,-101.57000
0.50000,0.26000,0.61000,-2.79000,-2.95000,-3.04000,-2.83000,-89.03000,-101.57000
0.49000,0.26000,0.61000,-2.87000,-3.01000,-3.03000,-2.81000,-92.39000,-99.54000
0.49000,0.25000,0.61000,-2.98000,-2.93000,-3.03000,-2.79000,-92.39000,-99.54000
0.48000,0.25000,0.60000,-3.15000,-2.84000,-3.02000,-2.79000,-90.79000,-98.79000
0.48000,0.25000,0.60000,-3.06000,-2.79000,-3.03000,-2.81000,-90.79000,-98.79000
0.47000,0.24000,0.59000,-2.98000,-2.76000,-2.92000,-2.62000,-88.28000,-97.58000
0.47000,0.24000,0.59000,-2.93000,-2.62000,-2.93000,-2.64000,-88.28000,-97.58000
0.46000,0.24000,0.58000,-2.79000,-2.56000,-2.95000,-2.66000,-89.89000,-99.67000
0.46000,0.23000,0.58000,-2.81000,-2.65000,-2.96000,-2.68000,-89.89000,-99.67000
0.45000,0.23000,0.58000,-2.90000,-2.73000,-2.96000,-2.69000,-91.93000,-99.87000
0.45000,0.23000,0.57000,-2.95000,-2.73000,-2.97000,-2.69000,-91.93000,-99.87000
0.44000,0.22000,0.57000,-2.98000,-2.76000,-2.98000,-2.71000,-90.96000,-99.19000
0.43000,0.22000,0.56000,-3.01000,-2.76000,-2.99000,-2.72000,-90.96000,-99.19000
0.43000,0.22000,0.56000,-2.98000,-2.70000,-3.00000,-2.74000,-90.56000,-99.13000
0.42000,0.21000,0.55000,-2.98000,-2.67000,-3.01000,-2.76000,-90.56000,-99.13000
0.42000,0.21000,0.55000,-2.93000,-2.76000,-3.02000,-2.78000,-91.26000,-100.93000
0.41000,0.21000,0.55000,-3.01000,-2.81000,-3.03000,-2.80000,-91.26000,-100.93000
0.41000,0.20000,0.54000,-3.15000,-2.84000,-3.03000,-2.81000,-91.27000,-99.87000
0.40000,0.20000,0.54000,-3.18000,-2.87000,-3.05000,-2.84000,-91.27000,-99.87000
0.40000,0.19000,0.53000,-3.15000,-2.87000,-2.86000,-3.05000,-86.25000,-102.69000
0.39000,0.19000,0.53000,-3.04000,-2.93000,-2.83000,-3.04000,-86.25000,-102.69000
0.38000,0.19000,0.53000,-2.84000,-3.04000,-2.82000,-3.04000,-85.82000,-102.69000
0.38000,0.18000,0.54000,-2.76000,-3.01000,-2.83000,-3.04000,-85.82000,-102.69000
0.37000,0.18000,0.55000,-2.65000,-3.07000,-2.85000,-3.05000,-89.17000,-102.33000
0.37000,0.18000,0.55000,-2.81000,-3.06000,-3.04000,-2.83000,-89.17000,-102.33000
0.36000,0.17000,0.55000,-2.93000,-3.15000,-2.92000,-2.62000,-89.93000,-95.26000
0.36000,0.17000,0.55000,-3.01000,-2.95000,-2.89000,-2.58000,-89.93000,-95.26000
0.35000,0.17000,0.55000,-2.95000,-2.70000,-2.89000,-2.58000,-87.18000,-93.61000
0.34000,0.16000,0.54000,-2.93000,-2.45000,-2.90000,-2.59000,-87.18000,-93.61000
0.34000,0.16000,0.53000,-2.81000,-2.42000,-2.93000,-2.63000,-88.26000,-99.66000
0.33000,0.16000,0.53000,-2.84000,-2.56000,-2.95000,-2.66000,-88.26000,-99.66000
0.33000,0.16000,0.53000,-2.87000,-2.76000,-2.96000,-2.68000,-90.03000,-99.80000
0.32000,0.15000,0.52000,-2.95000,-2.76000,-2.96000,-2.68000,-90.03000,-99.80000
0.32000,0.15000,0.52000,-2.95000,-2.79000,-2.97000,-2.69000,-89.17000,-97.74000
0.31000,0.15000,0.51000,-2.93000,-2.70000,-2.97000,-2.70000,-89.17000,-97.74000
0.31000,0.14000,0.51000,-2.87000,-2.62000,-2.98000,-2.71000,-89.84000,-98.45000
0.30000,0.14000,0.50000,-2.90000,-2.59000,-2.99000,-2.72000,-89.84000,-98.45000
0.30000,0.14000,0.50000,-2.87000,-2.62000,-3.00000,-2.75000,-90.90000,-100.71000
0.29000,0.13000,0.50000,-2.93000,-2.68000,-3.01000,-2.76000,-90.90000,-100.71000
0.29000,0.13000,0.49000,-2.98000,-2.79000,-3.02000,-2.78000,-91.35000,-100.86000
0.28000,0.13000,0.49000,-3.01000,-2.81000,-3.02000,-2.79000,-91.35000,-100.86000
0.27000,0.12000,0.49000,-3.04000,-2.84000,-3.03000,-2.80000,-90.82000,-99.72000
0.27000,0.12000,0.48000,-3.04000,-2.76000,-3.04000,-2.81000,-90.82000,-99.72000
0.26000,0.12000,0.47000,-3.01000,-2.73000,-3.04000,-2.83000,-90.76000,-100.97000
0.26000,0.12000,0.47000,-3.01000,-2.81000,-3.05000,-2.86000,-90.76000,-100.97000
0.25000,0.11000,0.47000,-3.04000,-2.90000,-3.02000,-2.78000,-90.86000,-99.83000
0.24000,0.11000,0.47000,-3.07000,-2.87000,-3.03000,-2.79000,-90.86000,-99.83000
0.24000,0.11000,0.46000,-3.07000,-2.90000,-3.03000,-2.81000,-90.29000,-99.20000
0.23000,0.10000,0.46000,-3.06000,-2.87000,-3.04000,-2.82000,-90.29000,-99.20000
0.23000,0.10000,0.45000,-3.09000,-2.81000,-3.05000,-2.84000,-90.31000,-99.29000
0.22000,0.10000,0.45000,-3.09000,-2.81000,-2.85000,-3.05000,-90.31000,-99.29000
0.21000,0.09000,0.44000,-3.07000,-2.79000,-2.83000,-3.04000,-86.48000,-102.99000
0.21000,0.09000,0.44000,-2.95000,-2.90000,-2.80000,-3.03000,-86.48000,-102.99000
0.20000,0.09000,0.45000,-2.81000,-3.01000,-2.79000,-3.02000,-86.41000,-102.82000
0.20000,0.09000,0.45000,-2.73000,-3.09000,-2.80000,-3.03000,-86.41000,-102.82000
0.19000,0.08000,0.46000,-2.73000,-3.06000,-2.83000,-3.05000,-89.45000,-100.98000
0.19000,0.08000,0.46000,-2.81000,-2.98000,-3.05000,-2.85000,-89.45000,-100.98000
0.18000,0.08000,0.46000,-2.93000,-2.98000,-3.05000,-2.84000,-92.00000,-99.26000
0.17000,0.07000,0.46000,-3.09000,-2.93000,-3.04000,-2.83000,-92.00000,-99.26000
0.17000,0.07000,0.45000,-3.23000,-2.87000,-3.05000,-2.84000,-89.27000,-99.33000
0.16000,0.07000,0.45000,-3.12000,-2.84000,-2.84000,-3.05000,-89.27000,-99.33000
0.16000,0.07000,0.45000,-2.98000,-2.84000,-2.81000,-3.04000,-85.03000,-102.96000
0.15000,0.06000,0.45000,-2.76000,-2.87000,-2.79000,-3.03000,-85.03000,-102.96000
0.14000,0.06000,0.45000,-2.62000,-2.93000,-2.99000,-2.72000,-91.22000,-99.00000
0.14000,0.06000,0.46000,-2.76000,-2.87000,-2.96000,-2.69000,-91.22000,-99.00000
0.13000,0.05000,0.45000,-2.95000,-2.79000,-2.95000,-2.67000,-92.06000,-97.28000
0.13000,0.05000,0.45000,-3.09000,-2.73000,-2.96000,-2.67000,-92.06000,-97.28000
0.12000,0.05000,0.44000,-3.18000,-2.62000,-2.97000,-2.70000,-88.56000,-98.70000
0.12000,0.05000,0.43000,-3.01000,-2.62000,-3.00000,-2.75000,-88.56000,-98.70000
0.11000,0.04000,0.42000,-2.84000,-2.59000,-3.02000,-2.78000,-89.79000,-101.40000
0.10000,0.04000,0.42000,-2.87000,-2.65000,-3.03000,-2.80000,-89.79000,-101.40000
0.10000,0.04000,0.42000,-2.90000,-2.73000,-3.04000,-2.82000,-92.23000,-102.54000
0.09000,0.04000,0.41000,-3.01000,-2.84000,-3.05000,-2.83000,-92.23000,-102.54000
0.09000,0.03000,0.41000,-3.15000,-2.90000,-3.05000,-2.85000,-91.35000,-101.08000
0.08000,0.03000,0.40000,-3.20000,-2.90000,-2.85000,-3.05000,-91.35000,-101.08000
0.07000,0.03000,0.40000,-3.15000,-2.90000,-2.82000,-3.04000,-85.15000,-103.11000
0.07000,0.03000,0.40000,-2.90000,-2.93000,-2.79000,-3.02000,-85.15000,-103.11000
0.06000,0.02000,0.40000,-2.76000,-2.98000,-2.78000,-3.02000,-86.94000,-103.28000
0.06000,0.02000,0.41000,-2.70000,-3.04000,-2.80000,-3.03000,-86.94000,-103.28000
0.05000,0.02000,0.42000,-2.73000,-3.04000,-2.82000,-3.04000,-89.79000,-102.48000
0.04000,0.02000,0.42000,-2.84000,-2.95000,-2.85000,-3.05000,-89.79000,-102.48000
0.04000,0.01000,0.42000,-2.98000,-2.98000,-2.86000,-3.06000,-88.94000,-103.99000
0.03000,0.01000,0.42000,-2.95000,-2.98000,1.07000,2.06000,-88.94000,-103.99000
0.03000,0.01000,0.42000,-2.95000,-3.01000,1.07000,2.06000,-28.45000,-27.49000
0.02000,0.01000,0.42000,-0.75000,-0.70000,1.07000,2.06000,-28.45000,-27.49000
0.02000,0.01000,0.42000,0.00000,0.00000,1.07000,2.06000,-37.36000,-31.54000
0.02000,0.01000,0.42000,0.00000,0.00000,1.07000,2.06000,-37.36000,-31.54000
0.02000,0.01000,0.42000,0.00000,0.00000,1.07000,2.06000,-37.75000,-25.48000
0.02000,0.01000,0.42000,0.00000,0.00000,1.07000,2.06000,-37.75000,-25.48000
0.02000,0.01000,0.42000,0.00000,0.00000,1.07000,2.06000,-31.35000,-13.15000
0.02000,0.01000,0.42000,0.00000,0.00000,1.07000,2.06000,-31.35000,-13.15000
0.02000,0.01000,0.42000,0.00000,0.00000,1.07000,2.06000,-24.95000,-0.82000
0.02000,0.01000,0.42000,0.00000,0.00000,1.07000,2.06000,-24.95000,-0.82000
0.02000,0.01000,0.42000,0.00000,0.00000,1.07000,2.06000,-18.56000,11.52000
0.02000,0.01000,0.42000,0.00000,0.00000,1.07000,2.06000,-18.56000,11.52000
0.02000,0.01000,0.42000,0.00000,0.00000,1.07000,2.06000,-12.16000,23.85000
0.02000,0.01000,0.42000,0.00000,0.00000,1.07000,2.06000,-12.16000,23.85000
0.02000,0.01000,0.42000,0.00000,0.00000,1.07000,2.06000,-5.76000,36.19000
0.02000,0.01000,0.42000,0.00000,0.00000,1.07000,2.06000,-5.76000,36.19000
0.02000,0.01000,0.42000,0.00000,0.00000,1.07000,2.06000,0.63000,48.52000
0.02000,0.01000,0.42000,0.00000,0.00000,1.07000,2.06000,0.63000,48.52000
0.02000,0.01000,0.42000,0.00000,0.00000,1.07000,2.06000,7.03000,60.85000
0.02000,0.01000,0.42000,0.00000,0.00000,1.07000,2.06000,7.03000,60.85000
0.02000,0.01000,0.42000,0.00000,0.00000,1.07000,2.06000,13.43000,73.19000
0.02000,0.01000,0.42000,0.00000,0.00000,1.07000,2.06000,13.43000,73.19000
0.02000,0.01000,0.42000,0.00000,0.00000,1.07000,2.06000,19.82000,85.52000
0.02000,0.01000,0.41000,0.00000,0.20000,1.07000,2.06000,19.82000,85.52000
0.02000,0.01000,0.41000,0.00000,0.00000,1.06000,2.06000,26.20000,94.92000
0.02000,0.01000,0.41000,0.00000,0.31000,1.06000,2.06000,26.20000,94.92000
0.03000,0.01000,0.38000,0.00000,1.42000,1.06000,2.05000,32.55000,104.40000
0.03000,0.01000,0.34000,0.03000,2.26000,1.06000,2.06000,32.55000,104.40000
0.03000,0.01000,0.29000,0.00000,2.79000,1.05000,2.08000,38.34000,85.96000
0.03000,0.01000,0.25000,0.00000,2.40000,1.04000,2.11000,38.34000,85.96000
0.04000,0.01000,0.21000,0.00000,1.90000,1.05000,2.16000,44.94000,84.06000
0.04000,0.01000,0.18000,0.03000,1.73000,1.13000,2.21000,44.94000,84.06000
0.04000,0.01000,0.16000,0.00000,1.59000,1.28000,2.26000,54.18000,94.07000
0.04000,0.01000,0.12000,0.06000,1.92000,1.51000,2.31000,54.18000,94.07000
0.04000,0.01000,0.08000,0.11000,2.26000,1.85000,2.42000,69.92000,96.80000
0.05000,0.01000,0.04000,0.00000,2.45000,2.23000,2.62000,69.92000,96.80000
0.05000,0.01000,-0.01000,0.00000,2.56000,2.58000,2.84000,92.36000,98.07000
0.05000,0.01000,-0.06000,0.11000,2.73000,2.89000,2.95000,92.36000,98.07000
0.06000,0.01000,-0.08000,1.62000,2.84000,2.90000,2.70000,110.94000,94.09000
0.06000,0.01000,-0.07000,3.15000,2.67000,2.82000,2.54000,110.94000,94.09000
0.07000,0.01000,-0.04000,4.07000,2.62000,2.85000,2.60000,81.40000,93.25000
0.08000,0.01000,-0.03000,3.43000,2.56000,2.92000,2.78000,81.40000,93.25000
0.08000,0.01000,-0.02000,2.62000,2.45000,2.95000,2.88000,76.91000,98.72000
0.09000,0.01000,-0.03000,2.12000,2.56000,2.95000,2.90000,76.91000,98.72000
0.09000,0.01000,-0.05000,1.81000,2.79000,2.94000,2.85000,93.58000,100.10000
0.10000,0.01000,-0.06000,2.37000,2.93000,2.91000,2.73000,93.58000,100.10000
0.11000,0.01000,-0.06000,2.98000,3.04000,2.88000,2.65000,93.79000,93.48000
0.11000,0.01000,-0.06000,3.18000,2.87000,2.87000,2.64000,93.79000,93.48000
0.12000,0.01000,-0.04000,3.23000,2.65000,2.89000,2.68000,84.90000,93.08000
0.13000,0.01000,-0.04000,2.93000,2.54000,2.92000,2.75000,84.90000,93.08000
0.13000,0.01000,-0.03000,2.62000,2.45000,2.93000,2.80000,87.57000,98.74000
0.14000,0.01000,-0.03000,2.68000,2.62000,2.94000,2.82000,87.57000,98.74000
0.14000,0.01000,-0.04000,2.73000,2.84000,2.94000,2.82000,91.46000,99.44000
0.15000,0.01000,-0.04000,2.90000,2.90000,2.93000,2.81000,91.46000,99.44000
0.16000,0.01000,-0.03000,3.12000,2.93000,2.93000,2.81000,89.64000,96.26000
0.16000,0.01000,-0.03000,3.06000,2.93000,2.94000,2.83000,89.64000,96.26000
0.17000,0.01000,-0.02000,3.04000,2.76000,2.94000,2.85000,87.48000,95.89000
0.18000,0.01000,-0.02000,2.93000,2.70000,2.95000,2.88000,87.48000,95.89000
0.18000,0.01000,-0.02000,2.84000,2.67000,2.95000,2.91000,88.98000,99.67000
0.19000,0.01000,-0.02000,2.81000,2.81000,2.95000,2.93000,88.98000,99.67000
0.20000,0.01000,-0.02000,2.90000,2.93000,2.95000,2.93000,90.85000,99.53000
0.20000,0.01000,-0.02000,2.95000,2.93000,2.95000,2.92000,90.85000,99.53000
0.21000,0.01000,-0.02000,3.01000,2.95000,2.95000,2.93000,89.61000,98.54000
0.22000,0.01000,-0.02000,2.98000,2.93000,2.96000,2.93000,89.61000,98.54000
0.22000,0.01000,-0.01000,2.93000,2.84000,2.96000,2.94000,89.21000,98.74000
0.23000,0.01000,-0.01000,2.98000,2.84000,2.96000,2.95000,89.21000,98.74000
0.24000,0.01000,-0.01000,2.95000,2.84000,2.95000,2.96000,88.94000,100.34000
0.24000,0.01000,-0.01000,2.90000,2.90000,2.93000,2.96000,88.94000,100.34000
0.25000,0.01000,-0.01000,2.90000,2.98000,2.93000,2.96000,89.77000,100.16000
0.26000,0.01000,-0.01000,2.90000,3.01000,2.94000,2.96000,89.77000,100.16000
0.26000,0.01000,-0.02000,2.90000,3.04000,2.96000,2.96000,90.34000,98.87000
0.27000,0.01000,-0.01000,2.98000,2.93000,2.96000,2.94000,90.34000,98.87000
0.28000,0.01000,-0.01000,2.98000,2.84000,2.96000,2.95000,89.44000,99.67000
0.28000,0.01000,-0.01000,2.98000,2.87000,2.95000,2.96000,89.44000,99.67000
0.29000,0.01000,-0.01000,2.95000,2.93000,2.94000,2.96000,88.99000,100.76000
0.30000,0.01000,-0.01000,2.90000,2.93000,2.93000,2.96000,88.99000,100.76000
0.30000,0.01000,-0.01000,2.84000,2.98000,2.94000,2.96000,89.97000,100.43000
0.31000,0.00000,-0.01000,2.90000,2.98000,2.95000,2.96000,89.97000,100.43000
0.32000,0.00000,-0.01000,2.90000,2.93000,2.96000,2.95000,90.51000,99.72000
0.32000,0.00000,-0.01000,2.95000,2.93000,2.96000,2.95000,90.51000,99.72000
0.33000,0.00000,-0.01000,2.98000,2.90000,2.96000,2.95000,90.03000,100.38000
0.33000,0.00000,-0.01000,3.04000,2.90000,2.95000,2.96000,90.03000,100.38000
0.34000,0.00000,-0.01000,3.04000,2.93000,2.94000,2.96000,88.48000,101.01000
0.35000,0.00000,-0.01000,2.98000,3.01000,2.92000,2.95000,88.48000,101.01000
0.35000,0.00000,-0.01000,2.95000,2.98000,2.93000,2.95000,88.55000,99.67000
0.36000,0.00000,-0.01000,2.95000,2.90000,2.93000,2.95000,88.55000,99.67000
0.37000,0.00000,-0.01000,2.93000,2.87000,2.92000,2.95000,88.57000,101.01000
0.37000,0.00000,-0.01000,2.87000,2.90000,2.91000,2.95000,88.57000,101.01000
0.38000,0.00000,-0.01000,2.90000,2.98000,2.92000,2.95000,89.57000,101.34000
0.39000,0.00000,-0.01000,2.95000,2.95000,2.93000,2.95000,89.57000,101.34000
0.39000,0.00000,-0.01000,2.95000,2.98000,2.93000,2.95000,88.74000,100.86000
0.40000,0.00000,-0.01000,2.93000,2.93000,2.93000,2.95000,88.74000,100.86000
0.41000,0.00000,-0.01000,2.93000,2.90000,2.93000,2.95000,89.03000,101.28000
0.41000,0.00000,-0.01000,2.95000,2.93000,2.93000,2.95000,89.03000,101.28000
0.42000,0.00000,-0.01000,2.95000,2.98000,2.92000,2.95000,88.52000,101.45000
0.43000,0.00000,-0.01000,2.95000,3.01000,2.92000,2.95000,88.52000,101.45000
0.43000,0.00000,-0.01000,2.93000,2.98000,2.93000,2.96000,88.47000,100.38000
0.44000,0.00000,-0.01000,2.90000,3.01000,2.94000,2.96000,88.47000,100.38000
0.45000,0.00000,-0.01000,2.87000,2.95000,2.95000,2.96000,89.48000,100.09000
0.45000,0.00000,-0.01000,2.93000,2.87000,2.96000,2.95000,89.48000,100.09000
0.46000,0.00000,-0.01000,2.95000,2.93000,2.95000,2.96000,89.43000,101.86000
0.47000,0.00000,-0.01000,2.98000,3.01000,2.95000,2.96000,89.43000,101.86000
0.47000,0.00000,-0.01000,2.98000,3.01000,2.95000,2.96000,88.76000,100.30000
0.48000,0.00000,-0.01000,2.95000,2.95000,2.96000,2.96000,88.76000,100.30000
0.49000,0.00000,-0.02000,2.90000,2.95000,2.96000,2.96000,89.06000,100.82000
0.49000,0.00000,-0.01000,2.95000,2.90000,2.96000,2.95000,89.06000,100.82000
0.50000,0.00000,-0.01000,2.98000,2.87000,2.96000,2.96000,89.09000,101.68000
0.51000,0.00000,-0.01000,2.98000,2.93000,2.94000,2.96000,89.09000,101.68000
0.51000,0.00000,-0.01000,2.98000,3.01000,2.94000,2.96000,88.39000,101.60000
0.52000,0.00000,-0.01000,2.95000,3.01000,2.94000,2.96000,88.39000,101.60000
0.53000,0.00000,-0.01000,2.93000,3.01000,2.95000,2.96000,88.69000,100.54000
0.53000,0.00000,-0.02000,2.93000,3.04000,2.96000,2.96000,88.69000,100.54000
0.54000,0.00000,-0.02000,2.90000,2.95000,2.96000,2.94000,89.21000,99.63000
0.55000,0.00000,-0.02000,2.98000,2.90000,2.96000,2.94000,89.21000,99.63000
0.55000,0.00000,-0.01000,3.04000,2.87000,2.96000,2.95000,88.56000,101.20000
0.56000,0.00000,-0.01000,3.01000,2.95000,2.95000,2.96000,88.56000,101.20000
0.57000,0.00000,-0.01000,2.98000,2.98000,2.94000,2.96000,87.75000,100.79000
0.57000,0.00000,-0.01000,2.95000,2.95000,2.94000,2.96000,87.75000,100.79000
0.58000,0.00000,-0.01000,2.87000,2.95000,2.94000,2.96000,88.17000,100.81000
0.59000,0.00000,-0.01000,2.90000,2.90000,2.95000,2.96000,88.17000,100.81000
0.59000,0.00000,-0.01000,2.93000,2.87000,2.95000,2.96000,89.07000,101.67000
0.60000,0.00000,-0.01000,3.01000,2.95000,2.94000,2.96000,89.07000,101.67000
0.61000,0.00000,-0.01000,3.04000,3.01000,2.94000,2.96000,87.50000,101.17000
0.61000,0.00000,-0.01000,2.95000,3.01000,2.93000,2.96000,87.50000,101.17000
0.62000,0.00000,-0.01000,2.90000,3.04000,2.94000,2.96000,87.93000,100.35000
0.63000,0.00000,-0.02000,2.84000,2.98000,2.95000,2.96000,87.93000,100.35000
0.63000,0.00000,-0.02000,2.81000,2.93000,2.96000,2.94000,89.78000,100.26000
0.64000,0.00000,-0.02000,2.90000,2.87000,2.95000,2.93000,89.78000,100.26000
0.65000,0.00000,-0.02000,2.95000,2.87000,2.96000,2.93000,89.62000,101.54000
0.65000,0.00000,-0.02000,2.98000,2.93000,2.96000,2.94000,89.62000,101.54000
0.66000,0.00000,-0.01000,3.01000,2.95000,2.96000,2.95000,88.73000,101.32000
0.67000,0.00000,-0.01000,2.98000,2.95000,2.96000,2.95000,88.73000,101.32000
0.67000,0.00000,-0.02000,2.90000,3.01000,2.96000,2.96000,88.57000,101.17000
0.68000,0.00000,-0.02000,2.87000,2.95000,2.96000,2.94000,88.57000,101.17000
0.69000,0.00000,-0.02000,2.93000,2.98000,2.96000,2.93000,90.08000,100.85000
0.69000,0.00000,-0.02000,3.01000,2.95000,2.95000,2.93000,90.08000,100.85000
0.70000,0.00000,-0.02000,3.01000,2.98000,2.96000,2.93000,88.50000,100.72000
0.71000,-0.00000,-0.02000,2.98000,2.95000,2.96000,2.94000,88.50000,100.72000
0.71000,-0.00000,-0.02000,2.95000,2.93000,2.96000,2.94000,88.61000,100.69000
0.72000,-0.00000,-0.02000,2.90000,2.93000,2.96000,2.94000,88.61000,100.69000
0.72000,-0.00000,-0.02000,2.87000,2.87000,2.96000,2.94000,89.71000,101.01000
0.73000,-0.00000,-0.02000,2.95000,2.93000,2.96000,2.94000,89.71000,101.01000
0.74000,-0.00000,-0.02000,3.01000,2.95000,2.96000,2.94000,89.23000,101.12000
0.75000,-0.00000,-0.01000,3.04000,3.01000,2.96000,2.95000,89.23000,101.12000
0.75000,-0.00000,-0.01000,3.07000,3.01000,2.96000,2.95000,88.00000,100.11000
0.76000,-0.00000,-0.01000,3.04000,3.01000,2.96000,2.96000,88.00000,100.11000
0.77000,-0.00000,-0.01000,2.98000,2.98000,2.95000,2.96000,87.48000,99.85000
0.77000,-0.00000,-0.01000,2.93000,2.93000,2.95000,2.96000,87.48000,99.85000
0.78000,-0.00000,-0.01000,2.87000,2.87000,2.95000,2.96000,88.66000,100.80000
0.78000,-0.00000,-0.01000,2.93000,2.90000,2.95000,2.96000,88.66000,100.80000
0.79000,-0.00000,-0.01000,2.95000,2.98000,2.95000,2.96000,88.78000,101.39000
0.80000,-0.00000,-0.01000,2.95000,3.01000,2.95000,2.96000,88.78000,101.39000
0.81000,-0.00000,-0.02000,2.98000,3.09000,2.96000,2.95000,88.60000,100.03000
0.81000,-0.00000,-0.02000,2.98000,3.01000,2.96000,2.94000,88.60000,100.03000
0.82000,-0.00000,-0.02000,2.98000,2.93000,2.96000,2.94000,88.19000,99.44000
0.82000,-0.00000,-0.01000,2.98000,2.90000,2.96000,2.94000,88.19000,99.44000
0.83000,-0.00000,-0.01000,2.95000,2.87000,2.96000,2.95000,88.05000,100.91000
0.84000,-0.00000,-0.01000,2.98000,2.93000,2.95000,2.96000,88.05000,100.91000
0.84000,-0.00000,-0.01000,2.95000,2.95000,2.95000,2.96000,87.75000,100.89000
0.85000,-0.00000,-0.01000,2.93000,2.95000,2.95000,2.96000,87.75000,100.89000
0.86000,-0.00000,-0.01000,2.87000,2.95000,2.95000,2.96000,88.40000,100.66000
0.86000,-0.00000,-0.02000,2.90000,2.98000,2.96000,2.96000,88.40000,100.66000
0.87000,-0.00000,-0.02000,2.95000,2.98000,2.96000,2.95000,89.08000,100.10000
0.88000,-0.00000,-0.02000,3.01000,3.01000,2.96000,2.94000,89.08000,100.10000
0.88000,-0.00000,-0.02000,3.01000,3.01000,2.96000,2.94000,87.76000,99.42000
0.89000,-0.00000,-0.02000,2.98000,2.98000,2.96000,2.94000,87.76000,99.42000
0.90000,-0.00000,-0.02000,2.90000,2.95000,2.96000,2.94000,87.86000,99.40000
0.90000,-0.00000,-0.02000,2.87000,2.95000,2.96000,2.93000,87.86000,99.40000
0.91000,-0.00000,-0.02000,2.87000,2.90000,2.95000,2.92000,89.35000,99.27000
0.92000,-0.00000,-0.02000,2.98000,2.87000,2.95000,2.91000,89.35000,99.27000
0.92000,-0.00000,-0.01000,3.04000,2.90000,2.95000,2.92000,88.19000,100.39000
0.93000,-0.00000,-0.01000,3.06000,2.98000,2.96000,2.94000,88.19000,100.39000
0.94000,-0.00000,-0.01000,3.04000,3.01000,2.96000,2.95000,86.81000,99.38000
0.94000,-0.00000,-0.01000,2.98000,3.01000,2.96000,2.95000,86.81000,99.38000
0.95000,-0.00000,-0.01000,2.90000,3.01000,2.96000,2.94000,87.41000,98.71000
0.96000,-0.00000,-0.02000,2.84000,2.98000,2.95000,2.93000,87.41000,98.71000
0.96000,-0.00000,-0.02000,2.90000,2.98000,-2.09000,-1.10000,13.69000,38.08000
0.97000,-0.00000,-0.03000,0.61000,1.03000,-2.09000,-1.10000,13.69000,38.08000
0.97000,-0.00000,-0.03000,0.00000,0.00000,-2.07000,-1.08000,17.76000,43.06000
0.97000,-0.00000,-0.03000,0.00000,0.00000,-2.07000,-1.08000,17.76000,43.06000
0.97000,-0.00000,-0.03000,0.00000,0.00000,-2.07000,-1.08000,10.84000,45.84000
0.97000,-0.00000,-0.03000,0.00000,0.00000,-2.07000,-1.08000,10.84000,45.84000
0.97000,-0.00000,-0.03000,0.00000,0.00000,-2.07000,-1.08000,-1.59000,39.33000
0.97000,-0.00000,-0.03000,0.00000,0.00000,-2.07000,-1.08000,-1.59000,39.33000
0.97000,-0.00000,-0.03000,0.00000,0.00000,-2.07000,-1.08000,-14.03000,32.82000
0.97000,-0.00000,-0.03000,0.00000,0.00000,-2.07000,-1.08000,-14.03000,32.82000
0.97000,-0.00000,-0.03000,0.00000,0.00000,-2.07000,-1.08000,-26.47000,26.32000
0.97000,-0.00000,-0.03000,0.00000,0.00000,-2.07000,-1.08000,-26.47000,26.32000
0.97000,-0.00000,-0.03000,0.00000,0.00000,-2.07000,-1.08000,-38.90000,19.81000
0.97000,-0.00000,-0.03000,0.00000,0.00000,-2.07000,-1.08000,-38.90000,19.81000
0.97000,-0.00000,-0.03000,-0.03000,0.00000,-2.07000,-1.08000,-51.34000,13.30000
0.97000,-0.00000,-0.03000,0.00000,0.00000,-2.07000,-1.08000,-51.34000,13.30000
0.97000,-0.00000,-0.03000,-0.03000,0.00000,-2.07000,-1.08000,-63.77000,6.80000
0.97000,-0.00000,-0.03000,-0.11000,0.00000,-2.07000,-1.08000,-63.77000,6.80000
0.97000,-0.00000,-0.03000,0.00000,0.00000,-2.07000,-1.08000,-74.51000,0.32000
0.97000,-0.00000,-0.03000,0.00000,0.00000,-2.07000,-1.08000,-74.51000,0.32000
0.97000,-0.00000,-0.03000,0.00000,0.00000,-2.07000,-1.08000,-87.94000,-6.18000
0.97000,-0.00000,-0.03000,0.00000,0.00000,-2.07000,-1.08000,-87.94000,-6.18000
0.97000,-0.00000,-0.03000,0.00000,0.00000,-2.07000,-1.08000,-100.36000,-12.68000
0.97000,-0.00000,-0.03000,-0.06000,0.00000,-2.07000,-1.08000,-100.36000,-12.68000
0.96000,-0.00000,-0.06000,-1.48000,0.00000,-2.07000,-1.08000,-111.94000,-19.16000
0.96000,-0.00000,-0.11000,-3.07000,0.00000,-2.06000,-1.07000,-111.94000,-19.16000
0.96000,-0.00000,-0.18000,-3.93000,0.00000,-2.05000,-1.06000,-78.52000,-25.30000
0.95000,-0.00000,-0.24000,-3.23000,0.00000,-2.06000,-1.06000,-78.52000,-25.30000
0.95000,-0.00000,-0.28000,-2.29000,0.00000,-2.06000,-1.06000,-70.15000,-31.67000
0.95000,-0.00000,-0.31000,-1.51000,-0.06000,-2.08000,-1.05000,-70.15000,-31.67000
0.95000,-0.00000,-0.33000,-1.03000,0.00000,-2.09000,-1.05000,-89.43000,-37.03000
0.95000,-0.00000,-0.36000,-1.67000,0.00000,-2.10000,-1.04000,-89.43000,-37.03000
0.94000,0.00000,-0.40000,-2.31000,0.00000,-2.12000,-1.04000,-90.83000,-43.68000
0.94000,0.00000,-0.45000,-2.56000,0.00000,-2.15000,-1.05000,-90.83000,-43.68000
0.94000,0.00000,-0.50000,-2.70000,0.00000,-2.20000,-1.10000,-81.30000,-50.78000
0.94000,0.00000,-0.54000,-2.43000,0.00000,-2.25000,-1.26000,-81.30000,-50.78000
0.93000,0.01000,-0.58000,-2.09000,0.00000,-2.32000,-1.55000,-83.10000,-64.14000
0.93000,0.01000,-0.61000,-2.06000,0.00000,-2.43000,-1.87000,-83.10000,-64.14000
0.93000,0.01000,-0.65000,-2.09000,0.00000,-2.60000,-2.18000,-92.09000,-82.95000
0.93000,0.01000,-0.70000,-2.43000,-0.03000,-2.79000,-2.44000,-92.09000,-82.95000
0.93000,0.01000,-0.75000,-2.76000,0.00000,-2.97000,-2.69000,-95.37000,-103.25000
0.92000,0.01000,-0.80000,-3.07000,0.00000,-2.77000,-3.01000,-95.37000,-103.25000
0.92000,0.02000,-0.86000,-3.23000,0.00000,-1.05000,-2.15000,-60.19000,-111.53000
0.92000,0.02000,-0.89000,-1.92000,0.00000,-1.05000,-2.09000,-60.19000,-111.53000
0.92000,0.02000,-0.91000,-0.64000,-0.03000,-1.06000,-2.07000,-65.39000,-123.20000
0.92000,0.02000,-0.91000,-0.36000,0.00000,-1.06000,-2.06000,-65.39000,-123.20000
0.92000,0.02000,-0.92000,-0.50000,0.00000,-1.07000,-2.07000,-83.73000,-135.56000
0.92000,0.02000,-0.91000,-1.11000,-1.89000,-1.07000,-2.06000,-83.73000,-135.56000
0.91000,0.03000,-0.86000,-1.89000,-4.24000,-1.07000,-2.07000,-76.72000,-119.54000
0.91000,0.03000,-0.82000,-1.92000,-4.51000,-1.06000,-2.07000,-76.72000,-119.54000
0.90000,0.04000,-0.77000,-1.78000,-4.46000,-1.05000,-2.08000,-64.06000,-81.49000
0.90000,0.04000,-0.73000,-1.17000,-3.21000,-1.04000,-2.10000,-64.06000,-81.49000
0.90000,0.04000,-0.71000,-0.67000,-2.09000,-1.04000,-2.13000,-69.95000,-87.22000
0.89000,0.05000,-0.69000,-0.75000,-1.70000,-1.05000,-2.15000,-69.95000,-87.22000
0.89000,0.05000,-0.67000,-0.81000,-1.70000,-1.05000,-2.16000,-75.60000,-103.82000
0.89000,0.05000,-0.65000,-1.03000,-2.29000,-1.06000,-2.17000,-75.60000,-103.82000
0.89000,0.05000,-0.63000,-1.37000,-2.76000,-1.09000,-2.19000,-73.83000,-98.30000
0.88000,0.06000,-0.60000,-1.42000,-2.81000,-1.14000,-2.22000,-73.83000,-98.30000
0.88000,0.06000,-0.58000,-1.37000,-2.73000,-1.21000,-2.24000,-70.18000,-90.51000
0.87000,0.06000,-0.55000,-1.23000,-2.48000,-1.31000,-2.27000,-70.18000,-90.51000
0.87000,0.06000,-0.53000,-1.06000,-2.17000,-1.43000,-2.29000,-75.15000,-92.89000
0.87000,0.06000,-0.52000,-1.23000,-2.15000,-1.56000,-2.33000,-75.15000,-92.89000
0.86000,0.07000,-0.50000,-1.42000,-2.23000,-1.67000,-2.36000,-79.87000,-97.74000
0.86000,0.07000,-0.49000,-1.62000,-2.42000,-1.75000,-2.39000,-79.87000,-97.74000
0.86000,0.07000,-0.47000,-1.76000,-2.59000,-1.82000,-2.41000,-78.99000,-95.66000
0.85000,0.07000,-0.46000,-1.76000,-2.59000,-1.89000,-2.44000,-78.99000,-95.66000
0.85000,0.07000,-0.44000,-1.78000,-2.51000,-1.96000,-2.47000,-80.26000,-94.01000
0.84000,0.08000,-0.43000,-1.81000,-2.51000,-2.01000,-2.50000,-80.26000,-94.01000
0.84000,0.08000,-0.42000,-1.87000,-2.54000,-2.05000,-2.52000,-81.97000,-95.23000
0.83000,0.08000,-0.41000,-1.92000,-2.56000,-2.08000,-2.54000,-81.97000,-95.23000
0.83000,0.08000,-0.40000,-1.92000,-2.56000,-2.09000,-2.54000,-82.37000,-94.83000
0.82000,0.08000,-0.39000,-1.98000,-2.54000,-2.10000,-2.55000,-82.37000,-94.83000
0.82000,0.09000,-0.38000,-2.03000,-2.54000,-2.08000,-2.54000,-82.43000,-95.06000
0.81000,0.09000,-0.37000,-2.06000,-2.45000,-2.85000,-2.53000,-82.43000,-95.06000
0.81000,0.09000,-0.36000,-2.09000,-2.48000,-2.81000,-2.47000,-92.64000,-95.23000
0.80000,0.09000,-0.36000,-2.48000,-2.51000,-2.76000,-2.40000,-92.64000,-95.23000
0.80000,0.09000,-0.37000,-2.87000,-2.56000,-2.74000,-2.38000,-89.83000,-93.14000
0.79000,0.10000,-0.38000,-2.90000,-2.48000,-2.75000,-2.39000,-89.83000,-93.14000
0.79000,0.10000,-0.38000,-2.81000,-2.37000,-2.77000,-2.42000,-85.65000,-93.48000
0.78000,0.10000,-0.39000,-2.62000,-2.37000,-2.80000,-2.46000,-85.65000,-93.48000
0.78000,0.10000,-0.39000,-2.48000,-2.34000,-2.81000,-2.47000,-89.60000,-95.48000
0.77000,0.11000,-0.40000,-2.62000,-2.31000,-2.81000,-2.47000,-89.60000,-95.48000
0.77000,0.11000,-0.40000,-2.70000,-2.42000,-2.82000,-2.48000,-90.88000,-97.12000
0.76000,0.11000,-0.41000,-2.79000,-2.48000,-2.83000,-2.49000,-90.88000,-97.12000
0.76000,0.11000,-0.41000,-2.84000,-2.56000,-2.84000,-2.51000,-89.86000,-96.01000
0.75000,0.11000,-0.42000,-2.84000,-2.54000,-2.84000,-2.52000,-89.86000,-96.01000
0.75000,0.12000,-0.42000,-2.79000,-2.51000,-2.85000,-2.53000,-89.56000,-95.64000
0.74000,0.12000,-0.43000,-2.87000,-2.42000,-2.86000,-2.54000,-89.56000,-95.64000
0.73000,0.12000,-0.44000,-2.90000,-2.37000,-2.88000,-2.56000,-89.58000,-97.76000
0.73000,0.12000,-0.45000,-2.93000,-2.34000,-2.90000,-2.59000,-89.58000,-97.76000
0.72000,0.13000,-0.46000,-2.93000,-2.34000,-2.93000,-2.63000,-89.57000,-100.94000
0.72000,0.13000,-0.47000,-2.90000,-2.51000,-2.96000,-2.67000,-89.57000,-100.94000
0.71000,0.13000,-0.47000,-2.95000,-2.65000,-2.97000,-2.69000,-90.61000,-101.10000
0.71000,0.14000,-0.48000,-3.04000,-2.79000,-2.98000,-2.71000,-90.61000,-101.10000
0.70000,0.14000,-0.48000,-3.01000,-2.81000,-2.98000,-2.71000,-89.08000,-98.25000
0.70000,0.14000,-0.49000,-2.95000,-2.70000,-2.87000,-2.55000,-89.08000,-98.25000
0.69000,0.14000,-0.49000,-2.93000,-2.59000,-2.88000,-2.57000,-88.52000,-96.89000
0.69000,0.15000,-0.50000,-2.87000,-2.48000,-2.90000,-2.59000,-88.52000,-96.89000
0.68000,0.15000,-0.51000,-2.79000,-2.37000,-2.92000,-2.62000,-89.93000,-100.25000
0.67000,0.15000,-0.51000,-2.81000,-2.51000,-2.94000,-2.66000,-89.93000,-100.25000
0.67000,0.16000,-0.51000,-2.87000,-2.73000,-2.96000,-2.68000,-91.65000,-101.54000
0.66000,0.16000,-0.52000,-2.98000,-2.81000,-2.96000,-2.68000,-91.65000,-101.54000
0.66000,0.16000,-0.52000,-2.98000,-2.87000,-2.97000,-2.69000,-90.15000,-98.17000
0.65000,0.17000,-0.52000,-2.95000,-2.79000,-2.97000,-2.69000,-90.15000,-98.17000
0.65000,0.17000,-0.53000,-2.90000,-2.70000,-2.97000,-2.70000,-90.58000,-98.00000
0.64000,0.17000,-0.53000,-2.90000,-2.56000,-2.98000,-2.71000,-90.58000,-98.00000
0.64000,0.17000,-0.54000,-2.81000,-2.51000,-2.99000,-2.74000,-91.84000,-101.34000
0.63000,0.18000,-0.54000,-2.95000,-2.70000,-3.01000,-2.76000,-91.84000,-101.34000
0.63000,0.18000,-0.55000,-3.01000,-2.84000,-3.02000,-2.77000,-91.91000,-100.88000
0.62000,0.18000,-0.55000,-3.06000,-2.84000,-3.02000,-2.78000,-91.91000,-100.88000
0.61000,0.19000,-0.55000,-2.93000,-2.81000,-3.03000,-2.80000,-90.80000,-99.58000
0.61000,0.19000,-0.56000,-2.95000,-2.76000,-3.03000,-2.80000,-90.80000,-99.58000
0.60000,0.19000,-0.56000,-2.90000,-2.65000,-3.04000,-2.82000,-92.39000,-100.85000
0.60000,0.20000,-0.56000,-2.98000,-2.70000,-3.05000,-2.84000,-92.39000,-100.85000
0.59000,0.20000,-0.57000,-3.01000,-2.81000,-2.86000,-3.06000,-89.79000,-105.61000
0.59000,0.21000,-0.57000,-2.98000,-3.01000,-2.84000,-3.05000,-89.79000,-105.61000
0.58000,0.21000,-0.56000,-2.98000,-3.18000,-3.00000,-2.75000,-91.24000,-98.59000
0.58000,0.21000,-0.56000,-2.95000,-3.01000,-2.99000,-2.73000,-91.24000,-98.59000
0.57000,0.22000,-0.57000,-3.04000,-2.76000,-2.98000,-2.72000,-91.49000,-96.53000
0.56000,0.22000,-0.58000,-3.07000,-2.59000,-3.00000,-2.74000,-91.49000,-96.53000
0.56000,0.22000,-0.59000,-3.07000,-2.48000,-3.02000,-2.78000,-90.51000,-101.97000
0.55000,0.23000,-0.60000,-3.12000,-2.65000,-3.04000,-2.83000,-90.51000,-101.97000
0.55000,0.23000,-0.60000,-3.01000,-2.81000,-2.84000,-3.05000,-86.77000,-106.31000
0.54000,0.23000,-0.60000,-2.81000,-3.01000,-2.82000,-3.04000,-86.77000,-106.31000
0.54000,0.24000,-0.59000,-2.62000,-3.20000,-2.84000,-3.05000,-89.66000,-103.28000
0.53000,0.24000,-0.58000,-2.73000,-3.18000,-3.04000,-2.82000,-89.66000,-103.28000
0.53000,0.24000,-0.57000,-2.79000,-3.09000,-3.02000,-2.78000,-93.75000,-96.98000
0.52000,0.25000,-0.58000,-3.01000,-2.79000,-3.00000,-2.74000,-93.75000,-96.98000
0.52000,0.25000,-0.59000,-3.09000,-2.56000,-3.01000,-2.76000,-91.12000,-100.12000
0.51000,0.26000,-0.59000,-3.15000,-2.68000,-3.03000,-2.80000,-91.12000,-100.12000
0.50000,0.26000,-0.60000,-3.12000,-2.79000,-3.05000,-2.84000,-89.64000,-102.88000
0.50000,0.26000,-0.60000,-3.01000,-2.90000,-2.85000,-3.05000,-89.64000,-102.88000
0.49000,0.27000,-0.60000,-2.84000,-2.95000,-2.83000,-3.05000,-87.93000,-103.60000
0.49000,0.27000,-0.60000,-2.70000,-2.95000,-2.84000,-3.05000,-87.93000,-103.60000
0.48000,0.27000,-0.59000,-2.65000,-2.98000,-3.05000,-2.85000,-94.75000,-100.77000
0.48000,0.28000,-0.59000,-2.95000,-2.98000,-3.04000,-2.82000,-94.75000,-100.77000
0.47000,0.28000,-0.59000,-3.15000,-2.87000,-2.90000,-2.60000,-90.87000,-95.93000
0.47000,0.28000,-0.60000,-3.09000,-2.62000,-2.92000,-2.62000,-90.87000,-95.93000
0.46000,0.29000,-0.61000,-2.95000,-2.51000,-2.95000,-2.66000,-89.10000,-99.95000
0.46000,0.29000,-0.62000,-2.90000,-2.62000,-2.97000,-2.70000,-89.10000,-99.95000
0.45000,0.30000,-0.62000,-2.84000,-2.70000,-2.98000,-2.72000,-91.73000,-101.10000
0.45000,0.30000,-0.62000,-2.90000,-2.87000,-2.99000,-2.73000,-91.73000,-101.10000
0.44000,0.30000,-0.62000,-3.04000,-2.98000,-2.99000,-2.72000,-92.28000,-98.00000
0.44000,0.31000,-0.62000,-3.04000,-2.87000,-2.99000,-2.72000,-92.28000,-98.00000
0.43000,0.31000,-0.63000,-3.15000,-2.76000,-2.99000,-2.73000,-90.80000,-97.23000
0.43000,0.31000,-0.64000,-3.07000,-2.70000,-3.01000,-2.76000,-90.80000,-97.23000
0.42000,0.32000,-0.64000,-3.04000,-2.76000,-3.02000,-2.79000,-90.60000,-99.81000
0.41000,0.32000,-0.65000,-3.01000,-2.76000,-3.04000,-2.81000,-90.60000,-99.81000
0.41000,0.33000,-0.65000,-3.01000,-2.81000,-3.05000,-2.84000,-91.52000,-100.17000
0.40000,0.33000,-0.65000,-3.09000,-2.84000,-3.05000,-2.85000,-91.52000,-100.17000
0.40000,0.33000,-0.66000,-3.15000,-2.84000,-2.84000,-3.05000,-87.44000,-102.59000
0.39000,0.34000,-0.66000,-2.98000,-2.93000,-2.81000,-3.04000,-87.44000,-102.59000
0.39000,0.34000,-0.66000,-2.81000,-2.95000,-2.80000,-3.03000,-87.01000,-102.29000
0.38000,0.35000,-0.65000,-2.79000,-2.98000,-2.81000,-3.03000,-87.01000,-102.29000
0.38000,0.35000,-0.65000,-2.76000,-2.98000,-2.83000,-3.04000,-89.21000,-102.25000
0.37000,0.35000,-0.65000,-2.79000,-3.01000,-2.84000,-3.05000,-89.21000,-102.25000
0.37000,0.36000,-0.64000,-2.95000,-3.04000,-3.05000,-2.86000,-92.89000,-99.43000
0.36000,0.36000,-0.65000,-3.04000,-2.87000,-2.92000,-2.62000,-92.89000,-99.43000
0.36000,0.37000,-0.66000,-3.18000,-2.76000,-2.92000,-2.63000,-88.76000,-97.13000
0.35000,0.37000,-0.66000,-2.98000,-2.67000,-2.95000,-2.66000,-88.76000,-97.13000
0.35000,0.37000,-0.67000,-2.81000,-2.59000,-2.96000,-2.68000,-89.52000,-99.48000
0.34000,0.38000,-0.67000,-2.79000,-2.59000,-2.97000,-2.70000,-89.52000,-99.48000
0.34000,0.38000,-0.67000,-2.81000,-2.59000,-2.98000,-2.71000,-92.62000,-101.24000
0.33000,0.39000,-0.68000,-2.93000,-2.73000,-2.99000,-2.73000,-92.62000,-101.24000
0.33000,0.39000,-0.68000,-3.07000,-2.79000,-3.00000,-2.74000,-91.97000,-100.35000
0.32000,0.39000,-0.69000,-3.09000,-2.81000,-3.01000,-2.77000,-91.97000,-100.35000
0.32000,0.40000,-0.69000,-3.06000,-2.81000,-3.02000,-2.79000,-90.25000,-99.82000
0.31000,0.40000,-0.69000,-2.93000,-2.76000,-3.03000,-2.81000,-90.25000,-99.82000
0.31000,0.41000,-0.70000,-2.95000,-2.67000,-3.04000,-2.82000,-92.59000,-101.02000
0.30000,0.41000,-0.70000,-2.98000,-2.76000,-3.05000,-2.85000,-92.59000,-101.02000
0.30000,0.41000,-0.71000,-3.12000,-2.87000,-2.85000,-3.05000,-89.62000,-104.86000
0.29000,0.42000,-0.71000,-3.06000,-2.98000,-2.83000,-3.04000,-89.62000,-104.86000
0.29000,0.42000,-0.71000,-2.93000,-3.09000,-2.82000,-3.04000,-87.08000,-103.06000
0.28000,0.43000,-0.70000,-2.84000,-3.15000,-2.83000,-3.04000,-87.08000,-103.06000
0.28000,0.43000,-0.69000,-2.73000,-3.09000,-2.86000,-3.05000,-89.52000,-101.14000
0.27000,0.44000,-0.69000,-2.76000,-3.01000,-3.04000,-2.83000,-89.52000,-101.14000
0.27000,0.44000,-0.69000,-2.93000,-2.98000,-3.03000,-2.80000,-93.45000,-98.85000
0.26000,0.44000,-0.69000,-3.06000,-2.84000,-3.02000,-2.79000,-93.45000,-98.85000
0.26000,0.45000,-0.70000,-3.23000,-2.73000,-3.03000,-2.80000,-90.48000,-100.12000
0.25000,0.45000,-0.71000,-3.23000,-2.79000,-3.05000,-2.84000,-90.48000,-100.12000
0.25000,0.46000,-0.71000,-3.07000,-2.79000,-2.95000,-2.66000,-86.50000,-98.56000
0.24000,0.46000,-0.72000,-2.90000,-2.68000,-2.96000,-2.68000,-86.50000,-98.56000
0.24000,0.47000,-0.72000,-2.79000,-2.65000,-2.97000,-2.70000,-90.17000,-100.03000
0.23000,0.47000,-0.72000,-2.87000,-2.67000,-2.98000,-2.70000,-90.17000,-100.03000
0.23000,0.47000,-0.73000,-3.04000,-2.73000,-2.98000,-2.72000,-91.24000,-100.50000
0.22000,0.48000,-0.74000,-3.15000,-2.70000,-3.00000,-2.74000,-91.24000,-100.50000
0.22000,0.48000,-0.75000,-3.12000,-2.70000,-3.02000,-2.78000,-88.27000,-101.28000
0.21000,0.49000,-0.75000,-3.01000,-2.81000,-3.04000,-2.82000,-88.27000,-101.28000
0.21000,0.49000,-0.75000,-2.84000,-2.81000,-3.05000,-2.83000,-89.97000,-100.88000
0.20000,0.50000,-0.75000,-2.84000,-2.79000,-3.05000,-2.84000,-89.97000,-100.88000
0.20000,0.50000,-0.75000,-2.84000,-2.76000,-3.05000,-2.84000,-92.73000,-101.49000
0.19000,0.50000,-0.76000,-2.98000,-2.76000,-3.05000,-2.85000,-92.73000,-101.49000
0.19000,0.51000,-0.76000,-3.06000,-2.73000,-2.85000,-3.05000,-88.93000,-105.43000
0.19000,0.51000,-0.76000,-2.93000,-2.93000,-2.82000,-3.04000,-88.93000,-105.43000
0.18000,0.52000,-0.76000,-2.79000,-3.09000,-2.82000,-3.04000,-88.47000,-104.46000
0.18000,0.52000,-0.75000,-2.76000,-3.12000,-2.84000,-3.05000,-88.47000,-104.46000
0.17000,0.53000,-0.74000,-2.76000,-3.07000,-3.05000,-2.84000,-93.81000,-99.28000
0.17000,0.53000,-0.74000,-2.95000,-2.95000,-3.04000,-2.81000,-93.81000,-99.28000
0.16000,0.54000,-0.75000,-3.09000,-2.73000,-3.03000,-2.81000,-92.38000,-99.61000
0.16000,0.54000,-0.76000,-3.18000,-2.67000,-3.05000,-2.84000,-92.38000,-99.61000
0.15000,0.54000,-0.77000,-3.15000,-2.67000,-2.84000,-3.05000,-86.56000,-106.48000
0.15000,0.55000,-0.77000,-2.93000,-2.95000,-2.79000,-3.02000,-86.56000,-106.48000
0.14000,0.55000,-0.76000,-2.70000,-3.15000,-2.78000,-3.02000,-87.45000,-104.13000
0.14000,0.56000,-0.75000,-2.67000,-3.09000,-2.94000,-2.65000,-87.45000,-104.13000
0.13000,0.56000,-0.75000,-2.73000,-3.09000,-2.90000,-2.60000,-92.17000,-96.07000
0.13000,0.57000,-0.75000,-2.90000,-2.79000,-2.87000,-2.54000,-92.17000,-96.07000
0.12000,0.57000,-0.76000,-3.12000,-2.45000,-2.87000,-2.55000,-89.64000,-96.93000
0.12000,0.58000,-0.77000,-3.12000,-2.42000,-2.91000,-2.61000,-89.64000,-96.93000
0.11000,0.58000,-0.78000,-2.95000,-2.42000,-2.96000,-2.67000,-87.45000,-102.83000
0.11000,0.58000,-0.79000,-2.90000,-2.62000,-2.99000,-2.72000,-87.45000,-102.83000
0.11000,0.59000,-0.79000,-2.84000,-2.84000,-3.00000,-2.74000,-90.44000,-102.44000
0.10000,0.59000,-0.79000,-2.93000,-2.90000,-3.00000,-2.74000,-90.44000,-102.44000
0.10000,0.60000,-0.79000,-3.04000,-2.93000,-2.99000,-2.73000,-90.56000,-98.88000
0.09000,0.60000,-0.80000,-3.06000,-2.79000,-3.00000,-2.74000,-90.56000,-98.88000
0.09000,0.61000,-0.80000,-3.06000,-2.62000,-3.01000,-2.76000,-89.10000,-99.96000
0.08000,0.61000,-0.81000,-2.98000,-2.65000,-3.03000,-2.80000,-89.10000,-99.96000
0.08000,0.62000,-0.81000,-2.87000,-2.65000,-3.04000,-2.83000,-90.52000,-102.90000
0.07000,0.62000,-0.82000,-2.98000,-2.79000,-3.05000,-2.85000,-90.52000,-102.90000
0.07000,0.63000,-0.82000,-2.98000,-2.90000,-2.85000,-3.05000,-88.07000,-105.30000
0.07000,0.63000,-0.82000,-2.87000,-3.01000,-2.85000,-3.05000,-88.07000,-105.30000
0.06000,0.64000,-0.81000,-2.81000,-3.09000,-2.86000,-3.06000,-89.03000,-103.58000
0.06000,0.64000,-0.81000,-2.84000,-3.04000,-3.05000,-2.83000,-89.03000,-103.58000
0.05000,0.64000,-0.80000,-2.81000,-3.04000,-3.04000,-2.81000,-92.05000,-99.82000
0.05000,0.65000,-0.80000,-2.93000,-2.98000,-3.02000,-2.79000,-92.05000,-99.82000
0.04000,0.65000,-0.81000,-3.01000,-2.84000,-3.02000,-2.78000,-91.67000,-98.75000
0.04000,0.66000,-0.81000,-3.07000,-2.84000,-3.02000,-2.78000,-91.67000,-98.75000
0.03000,0.66000,-0.81000,-3.09000,-2.79000,-3.03000,-2.80000,-90.27000,-99.89000
0.03000,0.67000,-0.82000,-3.04000,-2.79000,-3.04000,-2.82000,-90.27000,-99.89000